{"nodes":{"node:1":{"location":{"x":984,"y":-194}},"node:2":{"location":{"x":437,"y":-124}}},"selection":null,"view":{"scroll":{"x":49.4984130859375,"y":-275.04351806640625},"visible_rect":{"max":{"x":1301.4984130859375,"y":401.95648193359375},"min":{"x":49.4984130859375,"y":-275.04351806640625}},"zoom":1}}