{"nodes":{"node:1":{"location":{"x":328,"y":174}},"node:2":{"location":{"x":-643,"y":174}},"node:3":{"location":{"x":-183,"y":176}}},"selection":null,"view":{"scroll":{"x":-696.0037841796875,"y":15.44891357421875},"visible_rect":{"max":{"x":475.9962158203125,"y":686.44891357421875},"min":{"x":-696.0037841796875,"y":15.44891357421875}},"zoom":1}}