{"nodes":{"node:1":{"location":{"x":1144,"y":-218}},"node:2":{"location":{"x":429,"y":126}},"node:3":{"location":{"x":788,"y":-360}},"node:4":{"location":{"x":88,"y":-120}},"node:5":{"location":{"x":431,"y":-20}},"node:6":{"location":{"x":89,"y":-344}},"node:7":{"location":{"x":-199,"y":-342}},"node:8":{"location":{"x":-199,"y":-116}}},"selection":null,"view":{"scroll":{"x":-35.676300048828125,"y":-407.1656494140625},"visible_rect":{"max":{"x":1537.7650146484375,"y":359.779144287109375},"min":{"x":-47.5684013366699219,"y":-542.8875732421875}},"zoom":0.75}}