{"nodes":{"node:1":{"location":{"x":-73,"y":1}},"node:2":{"location":{"x":-476,"y":0}},"node:3":{"location":{"x":-823,"y":-2}},"node:4":{"location":{"x":-823,"y":232}},"node:5":{"location":{"x":-1111,"y":0}}},"selection":["node:5"],"view":{"scroll":{"x":-1170.47216796875,"y":-134.3956298828125},"visible_rect":{"max":{"x":18.52783203125,"y":542.6043701171875},"min":{"x":-1170.47216796875,"y":-134.3956298828125}},"zoom":1}}