{"nodes":{"node:1":{"location":{"x":328,"y":174}},"node:2":{"location":{"x":-787,"y":-56}}},"selection":null,"view":{"scroll":{"x":-1044.0731201171875,"y":-144.450469970703125},"visible_rect":{"max":{"x":382.516326904296875,"y":734.3428955078125},"min":{"x":-1318.3875732421875,"y":-182.40264892578125}},"zoom":0.791931867599487305}}