{"nodes":{"node:1":{"location":{"x":984,"y":-194}}},"selection":null,"view":{"scroll":{"x":-103.626243591308594,"y":-250.78265380859375},"visible_rect":{"max":{"x":1531.1654052734375,"y":568.2899169921875},"min":{"x":-138.168350219726562,"y":-334.376953125}},"zoom":0.749999821186065674}}