{"nodes":{"node:1":{"location":{"x":328,"y":174}},"node:2":{"location":{"x":-643,"y":174}},"node:3":{"location":{"x":-183,"y":176}}},"selection":["node:3"],"view":{"scroll":{"x":-622.693359375,"y":-3.85872364044189453},"visible_rect":{"max":{"x":721.4949951171875,"y":876.26666259765625},"min":{"x":-817.8858642578125,"y":-5.0682978630065918}},"zoom":0.761345028877258301}}