{"nodes":{"node:1":{"location":{"x":984,"y":-194}},"node:2":{"location":{"x":440,"y":16}},"node:3":{"location":{"x":377,"y":-208}},"node:4":{"location":{"x":726,"y":-134}}},"selection":["node:2"],"view":{"scroll":{"x":57.7514533996582031,"y":-319.820465087890625},"visible_rect":{"max":{"x":1332.580322265625,"y":363.4051513671875},"min":{"x":58.758056640625,"y":-325.394927978515625}},"zoom":0.982868671417236328}}